Date,Close,Open,High,Low,유로환율_변동%_x,return,log_return,lag_1,lag_2,lag_3,lag_4,lag_5,sma_5,std_5,sma_10,std_10,sma_20,std_20,sma_60,std_60,bb_upper,bb_lower,bb_width,volatility_20,momentum_5,momentum_10,momentum_20,rsi_14,macd,macd_sig,macd_hist,sto_k,sto_d,Volume,alpha1,alpha2,alpha3,alpha4,alpha5,alpha6,alpha7,alpha8,alpha9,VWAP,alpha10,alpha11,alpha12,alpha13,alpha14,alpha15,alpha16,adv20,alpha17,alpha18,alpha19,alpha20,alpha21,alpha22,alpha23,alpha24,alpha25,alpha26,alpha27,alpha28,alpha29,alpha30,alpha31,alpha32,alpha33,alpha34,alpha35,alpha36,alpha37,returns,alpha38,alpha39,alpha40,alpha41,alpha42,alpha43,alpha44,alpha48,alpha45,alpha46,alpha47,alpha49,alpha50,cap,alpha56,alpha57,alpha58,alpha59,alpha51,alpha52,alpha53,alpha54,alpha55,alpha60,adv180,adv120,adv60,adv50,adv15,alpha61,alpha62,alpha63,alpha64,alpha65,alpha66,alpha67,alpha68,alpha69,alpha70,adv5,adv10,adv30,adv40,adv81,adv150,alpha73,alpha71,alpha72,alpha74,alpha75,alpha76,alpha77,alpha78,alpha79,alpha80,alpha81,alpha82,alpha83,alpha84,alpha85,alpha86,alpha87,alpha88,alpha89,alpha90,alpha91,alpha92,alpha93,alpha94,alpha95,alpha96,alpha97,alpha98,alpha99,alpha100,alpha101
2025-06-02,1575.63,1568.73,1578.69,1561.89,0.4,,,,,,,,,,,,,,,,,,,,,,,,0.0,0.0,0.0,,,,,,,,,,,,,1572.07,-27.0,,,,,,,,,,,,-1,,0.0,,,,1,,,,,,12.0,,,,,,,,,-1.8024673483182596,0.7,,,,,,,,,,,,,,,,,-0.8001054983700636,,,,,,,,0,0,,0,0,,,0,,,,,,,,,,,,0,False,,,,False,,0,,,,,0,,,,,,,,,False,,,,0,,0.4106898398904892
2025-06-03,1567.73,1575.49,1577.5,1564.57,-0.5,-0.005013867468885547,-0.005026479075326165,,,,,,,,,,,,,,,,,,,,,,-0.6301994301993545,-0.1260398860398709,-0.5041595441594836,,,,,,,,,,,,,1569.9333333333332,-32.0,,,,,,,,,,,-16269.0,-1,,0.0,,,,1,,,,,,39.0,,,,,-0.005013867468885547,,,,1.0883644799082504,6.166666666666667,,,,,7.900000000000091,,7.900000000000091,,,,,,,7.900000000000091,,,-0.2505015786992389,,,,,,,,0,0,,0,0,,,0,,,,,,,,,,,,0,False,,,,False,,0,,,,,0,,,,,,,,,False,,,,0,,-0.6001082669553749
2025-06-04,1555.12,1567.8,1570.3,1549.39,-0.8,-0.008043476874206701,-0.008076000151876924,-0.005026479075326165,,,,,,,,,,,,,,,,,,,,,-2.122689588558387,-0.5253698265435742,-1.597319762014813,,,,,,,,,,-0.3333333333333333,,35.0,1558.2699999999998,-38.0,,,,,,,,,,,-2112.0,-1,,0.0,,,,1,,,,,,41.0,,,,,-0.008043476874206701,,,,1.5399618222729714,10.0,,,,,12.610000000000127,,12.610000000000127,,,,,,,12.610000000000127,,,-0.2853871115497672,,,,,,,,0,0,,0,0,,,0,,,,,,,,,,,,0,False,,,,False,,0,,,,,0,,,,,,,,,False,,,,0,,-0.60637941753145
2025-06-05,1551.41,1555.12,1559.07,1546.86,-0.24,-0.0023856679870362107,-0.0023885182269615234,-0.008076000151876924,-0.005026479075326165,,,,,,,,,,,,,,,,,,,,-3.563783705921651,-1.1330526024191896,-2.4307311035024615,,,,,,,,,,-0.3333333333333333,,5.0,1552.4466666666667,-13.0,,,,,,,,,,,-577.5,-1,,0.0,24.220000000000027,,,1,,,,,,30.0,,,,,-0.0023856679870362107,,,,0.5063333304353819,10.333333333333334,,,,,3.709999999999809,,3.709999999999809,,,,,,,3.709999999999809,,,-0.37712240443782363,,,,,,,,0,0,,0,0,,,0,,,,,,,,,,,,0,False,,,,False,,0,,,,,0,,,,,,,,,False,,,,0,,-0.30382442060435655
2025-06-06,1549.93,1551.35,1556.53,1546.32,-0.1,-0.0009539709038874911,-0.0009544262237278417,-0.0023885182269615234,-0.008076000151876924,-0.005026479075326165,,,1559.964,11.214396105007252,,,,,,,,,,,,,,,-4.770295806922377,-1.8605012433198271,-2.9097945636025497,,,,,,,,,,-0.3333333333333333,,14.0,1550.9266666666665,-5.0,,,,,,,,,,,-5115.0,-1,,0.0,17.799999999999955,,,1,,,,,,27.0,,,,,-0.0009539709038874911,,,,0.4899342500568764,15.0,,,,,1.4800000000000182,,1.4800000000000182,,,,,,,1.4800000000000182,,,-0.35519757148142933,,,,,,,,0,0,,0,0,,,0,,,,,,,,,,,,0,False,,,,False,,0,,,,,0,,,,,,,,,False,,,,0,,-0.13906571344626778
2025-06-09,1546.92,1550.54,1555.65,1543.61,-0.19,-0.0019420231881439598,-0.0019439113601541855,-0.0009544262237278417,-0.0023885182269615234,-0.008076000151876924,-0.005026479075326165,,1554.2220000000002,8.107408340524277,,,,,,,,,,,-28.710000000000036,,,,-5.901320435262733,-2.6686650817084083,-3.2326553535543243,,,,,,,,1.0,,-0.3333333333333333,,30.0,1548.7266666666667,-12.0,,,,,,,,,,,-11154.0,-1,,0.0,8.199999999999818,,,1,,,,,,29.0,35.0,,,,-0.0019420231881439598,,,,0.8916400463122045,35.0,,,,,3.009999999999991,,3.009999999999991,,,,,,,3.009999999999991,,,-0.2781487462252801,,,,,,,,0,0,,0,0,,,0,,,,,,,,,,,,0,False,,,,False,,0,,,,,0,,,,,,,,,False,,,,0,,-0.30063948177060323
2025-06-10,1560.9,1546.78,1565.28,1542.58,0.9,0.00903731285392917,0.008996720721353848,-0.0019439113601541855,-0.0009544262237278417,-0.0023885182269615234,-0.008076000151876924,-0.005026479075326165,1552.8560000000002,5.378664332341584,,,,,,,,,,,-6.829999999999927,,,,-5.604985651936886,-3.2559291957541037,-2.3490564561827822,,,,,,,,,,-0.3333333333333333,,31.0,1556.2533333333333,-40.0,,,,,,,,,,,-1015.0,-1,,0.0,-9.490000000000009,,,1,,,,,,2.0,6.0,,,,0.00903731285392917,,,,-2.36478443415308,0.6,,,,,-13.980000000000018,,-13.980000000000018,,,,,,,-13.980000000000018,,,-0.7711998721899402,,,,,,,,0,0,,0,0,,,0,,,,,,,,,,,,0,False,,,,False,,0,,,,,0,,,,,,,,,False,,,,0,,0.6219990308797009
2025-06-11,1574.05,1560.83,1577.32,1556.97,0.84,0.00842462681786138,0.008389337709208227,0.008996720721353848,-0.0019439113601541855,-0.0009544262237278417,-0.0023885182269615234,-0.008076000151876924,1556.642,11.046618034493648,,,,,,,,,,,18.930000000000064,,,,-4.259937196032752,-3.4567307958098334,-0.8032064002229182,,,,,,,,,,-1.0,,53.0,1569.4466666666667,-39.0,,,,,,,,,,,-18427.5,-1,,0.0,-24.11999999999989,,,1,,,,,,3.0,15.0,,,,0.00842462681786138,,,,-2.334698618435823,0.5,,,,,-13.149999999999864,,-13.149999999999864,,,,,,,-13.149999999999864,,,-0.8046534052894233,,,,,,,,0,0,,0,0,,,0,,,,,,,,,,,,0,False,,,,False,,0,,,,,0,,,,,,,,,False,,,,0,,0.6495995282787129
2025-06-12,1569.97,1573.98,1578.79,1560.27,-0.26,-0.0025920396429591763,-0.002595404794042334,0.008389337709208227,0.008996720721353848,-0.0019439113601541855,-0.0009544262237278417,-0.0023885182269615234,1560.354,11.931870347937846,,,,,,,,,,,18.559999999999945,,,,-3.4830480958678436,-3.461994255821436,-0.021053840046407757,,,,,,,-0.7777777777777778,,,-1.0,,76.0,1569.6766666666665,-17.0,,,,,,,,,,,-24320.0,-1,,0.0,-23.049999999999955,,,1,,,,,,32.0,20.0,,,,-0.0025920396429591763,,,,-0.17398323474571953,3.4285714285714284,,,,,4.079999999999927,,4.079999999999927,,,,,,,4.079999999999927,,,-0.5304812418003587,,,,,,,,0,0,,0,0,,,0,,,,,,,,,,,,0,False,,,,False,,0,,,,,0,,,,,,,,,False,,,,0,,-0.216510987527671
2025-06-13,1579.06,1569.55,1582.55,1568.86,0.58,0.005789919552602774,0.005773222387550471,-0.002595404794042334,0.008389337709208227,0.008996720721353848,-0.0019439113601541855,-0.0009544262237278417,1566.1799999999998,12.659200211703533,1563.0720000000001,11.74104273241701,,,,,,,,,29.12999999999988,,,,-2.1095532385209026,-3.1915060523613294,1.0819528138404269,,,,,,,-1.0,,,-1.0,,47.0,1576.823333333333,-33.0,,,,,,,,,-30.0,,-3240.0,-1,,0.0,-18.159999999999854,,,1,,,,,,7.0,9.0,,,,0.005789919552602774,-857.5,,,-1.133201042088558,1.0,,,,,-9.089999999999918,,-9.089999999999918,,,,,,,-9.089999999999918,,0.1194494391643155,-0.7229018534457979,,,,,,,,0,0,,0,0,,,0,,,,,,,,,,,,0,False,,,,False,,0,,,,,0,,,,,,,,,False,,,,0,,0.6946169016141958
2025-06-16,1571.78,1575.98,1579.54,1569.75,-0.46,-0.004610337795903918,-0.004620998181137373,0.005773222387550471,-0.002595404794042334,0.008389337709208227,0.008996720721353848,-0.0019439113601541855,1571.1519999999998,6.66764351176576,1562.687,11.339764890762748,,,,,,,,,24.8599999999999,-3.8500000000001364,,,-1.5901535270552358,-2.871235547300111,1.2810820202448752,,,,,,,-1.0,,,-1.0,,40.0,1573.6899999999998,-18.0,,,,,,,,,-8.0,,-2160.0,-1,,0.0,2.269999999999982,,,1,,,,,,34.0,32.0,,,,-0.004610337795903918,-52.0,,,0.9473915921089429,4.0,,,,,7.279999999999973,,7.279999999999973,,,,,,,7.279999999999973,,0.7308879466235658,-0.21013967842571443,,,,,,,,0,0,,0,0,,,0,,,,,,,,,,,,0,False,,,,False,,0,,,,,0,,,,,,,,,False,,,,0,,-0.4289653763660567
2025-06-17,1586.22,1571.54,1587.44,1564.22,0.92,0.009187036353688116,0.009145092234255671,-0.004620998181137373,0.005773222387550471,-0.002595404794042334,0.008389337709208227,0.008996720721353848,1576.216,6.548864787120656,1564.536,13.546195201769429,,,,,,,,,25.319999999999936,18.49000000000001,,,-0.013186191552676974,-2.299625676150624,2.286439484597947,,,,,,,-0.7777777777777778,,,-0.3333333333333333,,38.0,1579.2933333333333,-41.0,,,,,,,,,-32.0,,-728.0,-1,,0.0,-16.25,,,1,,1.9,,,,1.0,1.0,,,,0.009187036353688116,-1004.5,,,-3.5061025182083085,0.0625,,,,,-14.440000000000055,,-14.440000000000055,,,,,,,-14.440000000000055,,-2.5937601142314253,-0.9044208290934578,,,,,,,,0,0,,0,0,,,0,,,,,,,,,,,,0,False,,,,False,,0,,,,,0,,,,,,,,,False,,,,0,,0.632186383015376
2025-06-18,1579.94,1586.22,1587.47,1575.24,-0.4,-0.003959097729192673,-0.003966955703790815,0.009145092234255671,-0.004620998181137373,0.005773222387550471,-0.002595404794042334,0.008389337709208227,1577.3939999999998,6.591447488980552,1567.018,13.8984953622084,,,,,,,,,5.8900000000001,24.820000000000164,,,0.7215111361663276,-1.695398313687234,2.4169094498535615,,,,,,,-1.0,,,-1.0,,49.0,1580.8833333333332,-26.0,,,,,,,,,-5.0,,-41800.0,-1,,0.0,-0.8800000000001091,,,1,,1.7,,,,38.0,25.0,,,,-0.003959097729192673,-50.0,,,0.45984346289901623,2.230769230769231,,,,,6.279999999999973,,6.279999999999973,,,,,,,6.279999999999973,,-0.08138882394193747,-0.39199952047750014,,,,,,,,0,0,,0,0,,,0,,,,,,,,,,,,0,False,,,,False,,0,,,,,0,,,,,,,,,False,,,,0,,-0.5134494317717246
2025-06-19,1582.53,1580.28,1588.14,1572.78,0.16,0.0016393027583325726,0.0016379605682029477,-0.003966955703790815,0.009145092234255671,-0.004620998181137373,0.005773222387550471,-0.002595404794042334,1579.9060000000002,5.326835833774759,1570.13,13.493540018179639,,,,,,,,,12.559999999999945,31.11999999999989,,,1.495516038097776,-1.057215443330232,2.552731481428008,90.61068702290062,,,,,,-0.8888888888888888,,,-0.6666666666666666,,45.0,1581.1499999999999,-8.0,,,,,,,,,-21.0,,-11322.0,-1,,0.0,-10.75,,,1,,1.9,,,,21.0,18.0,,,,0.0016393027583325726,-262.5,,,-0.7086599939875668,1.0666666666666667,,,,,-2.589999999999918,,-2.589999999999918,,,,,,,-2.589999999999918,,-1.2528702322607113,-0.6302659718919337,,,,,,,,0,0,,0,0,,,0,,,,,,,,,,,,0,False,,,,False,,0,,,,,0,,,,,,,,,False,,,,0,,0.14647483887767604
2025-06-20,1582.25,1582.61,1587.72,1571.31,-0.02,-0.00017693187490919193,-0.00017694752919989395,0.0016379605682029477,-0.003966955703790815,0.009145092234255671,-0.004620998181137373,0.005773222387550471,1580.544,5.3908283222512665,1573.362,11.893400410871747,,,,,,,,,3.1900000000000546,32.319999999999936,,53.313976772126516,2.0625510349034357,-0.4332621476834986,2.495813182586934,89.89821882951647,,,,,,-0.7777777777777778,,,-0.3333333333333333,,29.0,1580.4266666666665,-2.0,,,,,,,,,-16.0,,-26040.0,-1,,0.0,3.9700000000000273,,,1,,2.5,,,,25.0,33.0,,,,-0.00017693187490919193,-110.5,,,-0.9329777903863032,0.8571428571428571,,,,,0.2799999999999727,,0.2799999999999727,,,,,-0.2,,0.2799999999999727,,-2.137462235649415,-0.6674254255114032,,,,,,,,0,0,,0,0,,,0,,,,,,,,,,,,0,False,,,,False,,0,,,,,0,,,,,,,,,False,,,,0,,-0.021936506002065575
2025-06-23,1587.44,1576.48,1599.23,1572.01,0.33,0.0032801390425027943,0.0032747711215820275,-0.00017694752919989395,0.0016379605682029477,-0.003966955703790815,0.009145092234255671,-0.004620998181137373,1583.676,3.0799399344766343,1577.4140000000002,8.218545694544844,,,,,,,,,15.660000000000082,40.51999999999998,,60.14201914171046,2.897321462202626,0.23285457429372636,2.6644668879088997,100.0,93.50296861747238,,,,,-0.7777777777777778,,,-0.6666666666666666,,27.0,1586.2266666666667,-36.0,,,,,,,,,-31.0,,-200.0,-1,,0.0,-7.5,,,1,,4.1,,,,5.0,18.0,,,,0.0032801390425027943,-906.5,,,-0.6650777335846669,1.0,,,,,-5.190000000000055,,-5.190000000000055,,,,,-0.6,,-5.190000000000055,,0.5250129476124068,-0.5475622955912035,,,,,,,,0,0,,0,0,-18.666666666666668,,0,,,,,,,,,,,,0,False,,,,False,,0,,,,,0,,,,,,,,,False,,,,0,,0.40263032217773137
2025-06-24,1577.81,1587.44,1591.91,1573.82,-0.61,-0.00606637101244778,-0.0060848461971899515,0.0032747711215820275,-0.00017694752919989395,0.0016379605682029477,-0.003966955703790815,0.009145092234255671,1581.9940000000001,3.596405149588338,1579.105,5.838095675055201,,,,,,,,,-8.410000000000082,16.909999999999854,,62.04480305764951,2.7501208401470194,0.7363078274643851,2.0138130126826344,76.23395853899281,88.7107257895031,,,,,-0.8888888888888888,,,-1.0,,42.0,1581.18,-34.0,,,,,,,,,-1.0,,-2970.0,-1,,0.0,4.720000000000027,,,1,,4.5,,,,40.0,22.5,,,,-0.00606637101244778,-4.0,,,1.6591567686211874,3.4166666666666665,,,,,9.63000000000011,,9.63000000000011,,,,,-0.4,,9.63000000000011,,3.3423825958338735,-0.22737745671473647,,,,,,,,0,0,,0,0,-12.5,,0,,,,,,,,,,,,0,False,,,,False,,0,,,,,0,,,,,,,,,False,,,,0,,-0.532308882869937
2025-06-25,1584.83,1577.8,1586.19,1571.4,0.44,0.0044492049106039655,0.0044393364587847805,-0.0060848461971899515,0.0032747711215820275,-0.00017694752919989395,0.0016379605682029477,-0.003966955703790815,1582.9720000000002,3.56293699074019,1580.183,5.796090732361267,,,,,,,,,4.889999999999873,10.779999999999973,,67.1384615384615,3.163452309019249,1.2217367237753578,1.941715585243891,93.55873642645575,89.93089832181619,,,,,-0.5555555555555556,,,-0.3333333333333333,,39.0,1580.8066666666666,-28.0,,,,,,,,,-27.0,,-517.0,-1,,0.0,-2.5799999999999272,,,1,,13.7,,,,10.0,3.0,,,,0.0044492049106039655,-208.0,,,-2.0289856741844687,0.29411764705882354,,,,,-7.019999999999982,,-7.019999999999982,,,,,-0.6,,-7.019999999999982,,-0.8080125277306323,-0.8880842733465916,,,,,,,,0,0,,0,0,-4.5,,0,,,,,,,,,,,,0,False,,,,False,,0,,,,,0,,,,,,,,,False,,,,0,,0.4752890271110804
2025-06-26,1588.78,1584.82,1591.82,1581.52,0.25,0.0024923808862780117,0.002489280056267798,0.0044393364587847805,-0.0060848461971899515,0.0032747711215820275,-0.00017694752919989395,0.0016379605682029477,1584.222,4.3733019561864355,1582.0639999999999,5.126981351415588,,,,,,,,,6.25,18.809999999999945,,69.43082924877463,3.7663364819641174,1.7306566754131099,2.0356798065510073,100.0,89.93089832181619,,,,,-1.0,,,-1.0,,36.0,1587.3733333333332,-14.0,,,,,,,,,-22.0,,-28693.5,-1,,0.0,-1.3399999999999181,,,1,,14.3,,,,16.0,25.0,,,,0.0024923808862780117,-637.0,,,-0.711691268460072,0.7894736842105263,,,,,-3.9500000000000455,,-3.9500000000000455,,,,,-1.0,,-3.9500000000000455,,0.07657591962404409,-0.6961138768240276,,,,,,,,0,0,,0,0,-3.3333333333333335,,0,,,,,,,,,,,,0,False,,,,False,,0,,,,,0,,,,,,,,,False,,,,0,,0.38442869624308845
2025-06-27,1599.29,1588.17,1599.55,1582.46,0.66,0.006615138659852304,0.006593354646845463,0.002489280056267798,0.0044393364587847805,-0.0060848461971899515,0.0032747711215820275,-0.00017694752919989395,1587.6299999999999,7.771528163751505,1584.087,7.3284772558064475,1573.5795,14.385992995747014,,,1602.351485991494,1544.8075140085061,57.54397198298784,,17.039999999999964,20.230000000000018,,74.3649390527589,5.034164976642387,2.3913583356589654,2.6428066409834217,100.0,97.85291214215192,,,,,-1.0,,,-1.0,,58.0,1593.7666666666667,-37.0,,,,,,,,,-28.0,,-7200.0,-1,,-13.3599999999999,-21.480000000000018,,,1,,10.1,,,,4.0,11.0,,,,0.006615138659852304,-931.0,,,-2.784613656639749,0.09523809523809523,,,,,-10.509999999999991,,-10.509999999999991,,,,,-1.0,,-10.509999999999991,,-3.807211494838317,-0.9510227041347118,,,,,,,,0,0,,0,0,-16.333333333333332,,0,,,,,,,,,-22.0,,,0,False,,,,False,,0,,,,,0,,,,,,,,,False,,,,0,,0.6506348370487358
2025-06-30,1594.55,1598.54,1602.09,1580.07,-0.3,-0.0029638151929919365,-0.0029682159908264033,0.006593354646845463,0.002489280056267798,0.0044393364587847805,-0.0060848461971899515,0.0032747711215820275,1589.0520000000001,8.35653157715461,1586.364,6.578787797829458,1574.5255,15.130725266994355,,,1604.7869505339886,1544.2640494660113,60.52290106797727,0.08419871138128149,7.1099999999999,22.769999999999982,18.919999999999845,67.12816858393563,5.591988840260456,3.0314844365792633,2.5605044036811924,83.8335607094133,94.61118690313776,,,,,-0.7777777777777778,,,-0.3333333333333333,,61.0,1592.2366666666667,-16.0,,,,,,,,,-7.0,,-13320.0,-1,,-10.269999999999982,-9.720000000000027,,,1,,10.1,,,,31.0,28.0,,,,-0.0029638151929919365,-137.5,,,-1.1947607760644132,0.5,,,,,-1.0,,4.740000000000009,,,,,-0.8,,4.740000000000009,,0.46526368658964906,-0.6658525663068158,,,,,,,,0,0,,0,0,-19.166666666666668,,0,,,,,,,,,-25.0,,,0,False,,,,False,,0,,,,,0,,,,,,,,,False,,,,0,,-0.18119068162208857
2025-07-01,1601.57,1594.48,1603.42,1590.3,0.44,0.004402496002006817,0.004392833365914017,-0.0029682159908264033,0.006593354646845463,0.002489280056267798,0.0044393364587847805,-0.0060848461971899515,1593.8039999999999,7.013143375119316,1587.899,8.145642938950107,1576.2175,16.186100234135235,,,1608.5897004682704,1543.8452995317296,64.74440093654084,0.082476076520858,23.75999999999999,15.349999999999909,33.83999999999992,64.94028230184583,6.525303960300107,3.730248341323432,2.795055618976675,100.0,94.61118690313776,,,,,-1.0,,,-1.0,,47.0,1598.43,-29.0,,,,,,,,,-25.0,,-11200.0,-1,,-3.8700000000001182,-12.789999999999964,,,1,,5.9,,,,11.0,7.0,,,,0.004402496002006817,-759.5,,,-1.5834745004453907,0.36363636363636365,,,,,1.0,,1.0,,,,,-0.8,,1.0,,-1.4379750420056678,-0.8401480734394289,,,,,,,,0,0,,0,0,-23.166666666666668,,0,,,,,,,,,-32.0,,,0,False,,,,False,,0,,,,,0,,,,,,,,,False,,,,0,,0.540355155857012
2025-07-02,1600.1,1601.57,1608.51,1596.55,-0.09,-0.0009178493603152482,-0.0009182708419635408,0.004392833365914017,-0.0029682159908264033,0.006593354646845463,0.002489280056267798,0.0044393364587847805,1596.8579999999997,5.225157413894688,1589.915,8.446167112298035,1578.4665,16.225250391385565,,,1610.917000782771,1546.015999217229,64.90100156554217,0.07557596405597203,15.269999999999982,20.159999999999854,44.98000000000002,66.83428316012956,7.0649063596440556,4.397179944987557,2.6677264146564985,95.06545820745207,92.96633963895512,,,,,-1.0,,,-1.0,,46.0,1601.72,-6.0,,,,,,,,,-11.0,,-31680.0,-1,,-6.420000000000073,-0.8099999999999454,,,1,,6.5,,,,28.0,22.5,,,,-0.0009178493603152482,-175.0,,,0.798842478926872,1.391304347826087,,,,,1.0,,1.0,,,,,-0.2,,1.0,,1.7936294691224672,-0.298188694207681,,,,,,,,0,0,,0,0,-25.166666666666668,,0,,,,,,,,,-33.0,,,0,False,,,,False,,0,,,,,0,,,,,,,,,False,,,,0,,-0.12289942312515867
2025-07-03,1603.0,1600.1,1609.66,1594.28,0.18,0.0018123867258297288,0.0018107463347240645,-0.0009182708419635408,0.004392833365914017,-0.0029682159908264033,0.006593354646845463,0.002489280056267798,1599.702,3.2108207673392517,1591.962,8.924476704234147,1581.046,15.792533678925654,,,1612.6310673578514,1549.4609326421487,63.170134715702716,0.07422294876214712,14.220000000000027,20.470000000000027,51.58999999999992,64.36974789915968,7.638499050188329,5.045443766027711,2.5930552841606183,100.0,98.35515273581736,,,,,-0.8888888888888888,,,-0.6666666666666666,,48.0,1602.3133333333335,-10.0,,,,,,,,,-20.0,,-3217.5,-1,,-6.240000000000009,-8.450000000000045,,,1,,5.7,,,,19.0,25.0,,,,0.0018123867258297288,-563.5,,,-0.36179074535630207,0.8333333333333334,,,,,1.0,,1.0,,,,,-0.2,,1.0,,0.2637614678899153,-0.5618600632719722,,,,,,,,0,0,,0,0,-27.166666666666668,,0,,,,,,,,,-27.0,,,0,False,,,,False,,0,,,,,0,,,,,,,,,False,,,,0,,0.18854430791236398
2025-07-04,1604.92,1603.07,1608.89,1597.18,0.12,0.0011977542108547734,0.0011970374755380377,0.0018107463347240645,-0.0009182708419635408,0.004392833365914017,-0.0029682159908264033,0.006593354646845463,1600.828,3.93560287630454,1594.2289999999998,9.061582459296945,1583.7955,14.84879171940662,,,1613.4930834388133,1554.0979165611866,59.39516687762671,0.07361761453222092,5.630000000000109,22.670000000000073,54.99000000000001,71.25994354631767,8.154009003746523,5.6671568135714745,2.486852190175049,100.0,98.35515273581736,,,,,-1.0,,,-1.0,,40.0,1603.6633333333332,-7.0,,,,,,,,,-14.0,,-18183.0,-1,,-0.38000000000010914,-3.3500000000001364,,,1,,6.1,,,,22.0,31.0,,,,0.0011977542108547734,-490.0,,,-0.639025906898496,0.68,,,,,1.0,,1.0,,,,,-0.2,,1.0,,-0.25117602040388276,-0.6571727604641464,,,,,,,,0,0,,0,0,-26.166666666666668,,0,,,,,,,,,-26.0,,,0,False,,,,False,,0,,,,,0,,,,,,,,,False,,,,0,,0.1579711382461046
2025-07-07,1610.61,1603.31,1614.09,1602.13,0.35,0.003545348054731612,0.0035390781233396607,0.0011970374755380377,0.0018107463347240645,-0.0009182708419635408,0.004392833365914017,-0.0029682159908264033,1604.04,4.081831696674227,1596.5459999999998,10.041979884463462,1586.98,13.269751514748231,,,1613.5195030294965,1560.4404969705035,53.079006058992945,0.07254020748329622,16.059999999999945,23.169999999999845,63.68999999999983,67.62537939008516,8.918878522873229,6.317501155431826,2.601377367441403,100.0,100.0,,,,,-1.0,,,-1.0,,44.0,1608.9433333333334,-31.0,,,,,,,,,-26.0,,-2530.0,-1,,-4.429999999999836,-10.509999999999991,,,1,,5.7,,,,8.0,13.5,,,,0.003545348054731612,-833.0,,,-0.8444521385231383,0.4482758620689655,,,,,1.0,,1.0,,,,,-1.0,,1.0,,-3.1234572279756136,-0.6931069011295886,,,,,,,,0,0,,0,0,-24.333333333333332,,0,,,,,,,,,-30.0,,,0,False,,,,False,,0,,,,,0,,,,,,,,,False,,,,0,,0.6103168631385395
2025-07-08,1606.51,1610.74,1615.21,1602.78,-0.25,-0.0025456193616082423,-0.0025488649597837465,0.0035390781233396607,0.0011970374755380377,0.0018107463347240645,-0.0009182708419635408,0.004392833365914017,1605.0279999999998,3.9295254166341502,1599.416,7.982250030882304,1589.2604999999999,12.445419142463066,,,1614.151338284926,1564.3696617150738,49.78167656985215,0.0693120165282254,4.940000000000055,28.700000000000045,45.6099999999999,69.82539919415008,9.089430100276104,6.871886944400682,2.217543155875422,87.50000000000026,95.83333333333341,,,,,-1.0,,,-1.0,,54.0,1608.1666666666667,-19.0,,,,,,,,,-6.0,,-31248.0,-1,,-6.319999999999936,-3.509999999999991,,,1,,6.3,,,,33.0,12.0,,,,-0.0025456193616082423,-112.5,,,0.8163300738208363,1.2222222222222223,,,,,-1.0,,4.099999999999909,,,,,-0.8,,4.099999999999909,,2.231173855499362,-0.30405192399282266,,,,,,,,0,0,,0,0,-22.5,,0,,,,,,,,,-24.0,,,0,False,,,,False,,0,,,,,0,,,,,,,,,False,,,,0,,-0.3402783364170217
2025-07-09,1610.55,1606.57,1614.84,1605.82,0.25,0.0025147680375472437,0.0025116112996074326,-0.0025488649597837465,0.0035390781233396607,0.0011970374755380377,0.0018107463347240645,-0.0009182708419635408,1607.118,3.3960079505166707,1601.9879999999998,6.819168733957501,1591.0855000000001,12.769519001369003,,,1616.624538002738,1565.5464619972622,51.07807600547585,0.06446678444895108,10.450000000000045,25.720000000000027,36.5,70.46450482033302,9.441749084277944,7.385859372376135,2.055889711901809,99.81707317073187,95.77235772357737,,,,,-1.0,,,-1.0,,45.0,1610.4033333333334,-15.0,,,,,,,,,-18.0,,-3410.0,-1,,-0.75,-5.629999999999882,,,1,,12.1,,,,17.0,8.0,,,,0.0025147680375472437,-312.5,,,-0.07964885247724851,0.9,,,,,-1.0,,-4.039999999999964,,,,,-0.8,,-4.039999999999964,,0.4882439618168939,-0.5179428083778898,,,,,,,,0,0,,0,0,-21.666666666666668,,0,,,,,,,,,-23.0,,,0,False,,,,False,,0,,,,,0,,,,,,,,,False,,,,0,,0.44119277241991206
2025-07-10,1604.99,1610.0,1614.78,1602.46,-0.35,-0.0034522368135109227,-0.0034582095331428106,0.0025116112996074326,-0.0025488649597837465,0.0035390781233396607,0.0011970374755380377,0.0018107463347240645,1607.516,2.8683584155353294,1603.609,5.019892539793095,1592.8365,12.105463001211204,,,1617.0474260024223,1568.6255739975775,48.42185200484482,0.06519954109730475,1.990000000000009,16.210000000000036,35.01999999999998,65.41903986981285,9.166651432606841,7.742017784422277,1.4246336481845638,82.86585365853689,90.06097560975634,,,,,-0.7777777777777778,,,-0.3333333333333333,,38.0,1607.4099999999999,-23.0,,,,,,,,,-3.0,,-3432.0,-1,,0.43000000000006366,5.619999999999891,,,1,,12.3,,,,37.0,27.0,,,,-0.0034522368135109227,-20.0,,,1.1982054994002738,1.5,,,,,1.0,,1.0,,,,,-0.4,,1.0,,3.8541166137074345,-0.20858234189517844,,,,,,,,0,0,,0,0,-17.833333333333332,,0,,,,,,,,,-14.0,,,0,False,,,,False,,0,,,,,0,,,,,,,,,False,,,,0,,-0.40662283905527286
2025-07-11,1612.24,1605.06,1612.86,1603.3,0.45,0.004517162100698524,0.0045069903441224204,-0.0034582095331428106,0.0025116112996074326,-0.0025488649597837465,0.0035390781233396607,0.0011970374755380377,1608.98,3.0728813839735762,1604.904,5.435112592103885,1594.4955,12.388366136271765,,,1619.2722322725435,1569.7187677274565,49.55346454508708,0.06414295256613979,7.319999999999936,12.950000000000045,33.180000000000064,66.3588390501319,9.425003398589752,8.078614907255773,1.346388491333979,100.0,94.22764227642291,,,,,-0.8888888888888888,,,-0.6666666666666666,,33.0,1609.4666666666665,-30.0,,,,,,,,,-24.0,,-1155.0,-1,,1.9800000000000182,-5.730000000000018,,,1,,12.1,,,,9.0,4.5,,,,0.004517162100698524,-808.5,,,-1.3937709309043385,0.2903225806451613,,,,,1.0,,1.0,,,,,-0.2,,1.0,,-0.4513670016191524,-0.9145080354650782,,,,,,,,0,0,,0,0,-11.0,,0,,,,,,,,,-6.0,,,0,False,,,,False,,0,,,,,0,,,,,,,,,False,,,,0,,0.7509674720217661
2025-07-14,1612.64,1607.76,1617.14,1606.72,0.02,0.00024810201955038913,0.00024807124733399746,0.0045069903441224204,-0.0034582095331428106,0.0025116112996074326,-0.0025488649597837465,0.0035390781233396607,1609.386,3.4527134256945615,1606.7130000000002,4.54336647089398,1596.5385,11.800340438889611,,,1620.1391808777794,1572.9378191222208,47.20136175555854,0.06067870235543425,2.0300000000002,18.090000000000146,40.86000000000013,76.16043262730975,9.551917293321594,8.373275384468938,1.178641908852656,100.0,94.28861788617895,,,,,-1.0,,,-1.0,,31.0,1612.1666666666667,-22.0,,,,,,,,,-17.0,,-1050.0,-1,,-2.3600000000001273,-2.0900000000001455,,,1,,12.1,,,,15.0,18.0,,,,0.00024810201955038913,-661.5,,,-0.245086440134628,0.65625,,,,,1.0,,1.0,,,,-0.052592592592595286,-0.4,,1.0,,0.5959825175663468,-0.5595938668563782,,,,,,,,0,0,,0,0,-8.0,,0,,,,,,,,,-10.0,,,0,False,,,,False,,0,,,,,0,,,,,,,,,False,,,,0,,0.46828519335956964
2025-07-15,1608.52,1612.99,1617.0,1607.26,-0.26,-0.002554816946125693,-0.0025580860601187353,0.00024807124733399746,0.0045069903441224204,-0.0034582095331428106,0.0025116112996074326,-0.0025488649597837465,1609.788,3.1366973076743143,1607.4080000000001,4.1868067917047185,1597.6535,11.827561600814496,,,1621.308623201629,1573.9983767983708,47.310246403258134,0.05447008995401036,2.009999999999991,6.9500000000000455,22.299999999999955,68.60373802418724,9.213836529441323,8.541387613463415,0.6724489159779079,82.73260687342793,94.24420229114264,,,,,-1.0,,,-1.0,,51.0,1610.926666666667,-21.0,,,,,,,,,-2.0,,-24472.0,-1,,-4.1400000000001,-3.5299999999999727,,,1,,19.9,,,,36.0,34.0,,,,-0.002554816946125693,-18.0,,,1.1959775511977568,1.3571428571428572,,,,,1.0,,1.0,,,,0.4247058823529963,-0.8,,1.0,,4.361144645651698,-0.13117094181993352,,,,,,,,0,0,,0,0,-7.0,,0,,,,,,,,,-7.0,,,0,False,,,,False,,0,,,,,0,,,,,,,,,False,,,,0,,-0.4588851247305229
2025-07-16,1614.09,1608.38,1625.72,1607.83,0.35,0.003462810533906957,0.003456828810582281,-0.0025580860601187353,0.00024807124733399746,0.0045069903441224204,-0.0034582095331428106,0.0025116112996074326,1610.496,3.700531042968106,1608.807,3.7923081508578025,1599.361,11.598576092280874,,,1622.5581521845618,1576.1638478154384,46.39430436912335,0.05237130015358367,3.5399999999999636,13.990000000000009,34.149999999999864,69.38275386736098,9.288287936322149,8.690767678035163,0.5975202582869859,100.0,94.24420229114264,,,,,-1.0,,,-1.0,,35.0,1615.88,-24.0,,,,,,,,,-19.0,,-384.0,-1,,-8.579999999999927,-1.849999999999909,,,1,,20.5,,,,14.0,10.0,,,,0.003462810533906957,-686.0,,,0.8702551723936267,0.9714285714285714,,,,,1.0,,1.0,,,,0.24409090909093514,-1.0,,1.0,,1.0940660081484435,-0.3437704784670723,,,,,,,,0,0,,0,0,-10.0,,0,,,,,,,,,-16.0,,,0,False,,,,False,,0,,,,,0,,,,,,,,,False,,,,0,,0.31915488234306505
2025-07-17,1614.15,1614.92,1618.19,1609.58,0.0,3.717264836544665e-05,3.7171957479674716e-05,0.003456828810582281,-0.0025580860601187353,0.00024807124733399746,0.0045069903441224204,-0.0034582095331428106,1612.328,2.2929391618551964,1609.922,3.524967454531348,1600.942,11.335675217276952,,,1623.613350434554,1578.270649565446,45.34270086910783,0.05244893292147229,9.160000000000082,11.150000000000091,31.62000000000012,63.54850474106499,9.245555700273371,8.801725282482806,0.443830417790565,100.0,94.24420229114264,,,,,-1.0,,,-1.0,,39.0,1613.9733333333334,-3.0,,,,,,,,,-9.0,,-6240.0,-1,,-1.1900000000000546,-1.509999999999991,,,1,,21.9,,,,26.0,21.0,,,,3.717264836544665e-05,-392.0,,,-0.09407508629828953,0.7647058823529411,,,,,1.0,,1.0,,,,-0.01962962962963704,-1.0,,1.0,,0.3711063615648198,-0.5320453622036257,,,,,,,,0,0,,0,0,-9.0,,0,,,,,,,,,-17.0,,,0,False,,,,False,,0,,,0.04623461991302558,,0,,,,,,,,,False,,,,0,,-0.0894205086517211
2025-07-18,1617.41,1614.08,1622.07,1613.16,0.2,0.0020196388191926484,0.0020176020905557576,3.7171957479674716e-05,0.003456828810582281,-0.0025580860601187353,0.00024807124733399746,0.0045069903441224204,1613.3619999999999,3.221159729036748,1611.171,3.760595254293468,1602.7,11.005850119009994,,,1624.71170023802,1580.68829976198,44.023400476040024,0.052380229238505355,5.170000000000073,12.490000000000009,35.16000000000008,71.420539730135,9.366770550089768,8.914734336004198,0.45203621408557026,100.0,100.0,,,,,-1.0,,,-1.0,,46.0,1617.5466666666669,-11.0,,,,,,,,,-15.0,,-8627.5,-1,,3.650000000000091,-8.8900000000001,,,1,,22.5,,,,18.0,16.0,,,,0.0020196388191926484,-588.0,,,0.06219866512287808,0.7567567567567568,,,,,1.0,,1.0,,,,0.015185185185196638,-0.6,,1.0,,0.6860932297446816,-0.4721020514396656,,,,,,,,0,0,,0,0,-16.0,,0,,,,,,,,,-13.0,,,0,False,,,,False,,0,,,0.21568120008356864,,0,,,,,,,,,False,,,,0,,0.37369543261140264
2025-07-20,1618.4,1615.84,1618.74,1617.42,0.06,0.000612089698963203,0.0006119024484689175,0.0020176020905557576,3.7171957479674716e-05,0.003456828810582281,-0.0025580860601187353,0.00024807124733399746,1614.5140000000001,3.8641984938621756,1611.95,4.386266445769111,1604.248,10.923519579330025,,,1626.09503915866,1582.40096084134,43.69407831731996,0.0517623329053946,5.759999999999991,7.790000000000191,30.960000000000036,67.77942108599208,9.433969984560235,9.018581465715407,0.4153885188448285,100.0,100.0,,,,,-1.0,,,-1.0,,38.0,1618.1866666666665,-9.0,,,,,,,,,-13.0,,-756.0,-1,,-0.5499999999999545,-4.310000000000173,,,1,,21.7,,,,20.0,29.0,,,,0.000612089698963203,-539.0,,,-0.10680127064711087,0.6410256410256411,,,,,1.0,,1.0,,,,-0.023703703703732672,-0.2,,1.0,,-1.985500902774069,-0.736570921947606,,,,,,,,0,0,,0,0,-15.0,,0,,,,,,,,,-20.0,,,0,False,,,,False,,0,,,0.041700331257693096,,0,,,,,,,,,False,,,,0,,1.9379258137776656
2025-07-21,1617.26,1617.55,1620.34,1612.77,-0.07,-0.0007043994068216541,-0.0007046476126480219,0.0006119024484689175,0.0020176020905557576,3.7171957479674716e-05,0.003456828810582281,-0.0025580860601187353,1616.2620000000002,2.00393862180559,1613.025,4.21900791392039,1606.2205,9.346182713589263,,,1624.9128654271785,1587.5281345728213,37.38473085435726,0.045142265229109,8.740000000000009,10.75,39.450000000000045,68.25531914893617,9.288169313737171,9.07249903531976,0.21567027841741115,92.597402597402,97.53246753246735,,,,,-0.7777777777777778,,,-0.3333333333333333,,42.0,1616.79,-1.0,,,,,,,,,-10.0,,-312.0,-1,,1.7300000000000182,-3.1099999999999,,,1,,22.1,,,,24.0,30.0,,,,-0.0007043994068216541,-117.0,,,-0.23943110337563667,0.6111111111111112,,,,,1.0,,1.0,,,,-0.08294117647059304,-0.8,,1.0,,-0.22100792458694377,-0.5936627582470319,,,,,,,,0,0,,0,0,-11.833333333333334,,0,,,,,,,,,-11.0,,,0,False,,,,False,,0,,,0.012344395497864024,,0,,,,,,,,,False,,,,0,,-0.03830405494650192
2025-07-22,1623.03,1617.26,1625.59,1616.02,0.36,0.0035677627592347605,0.0035614133912259737,-0.0007046476126480219,0.0006119024484689175,0.0020176020905557576,3.7171957479674716e-05,0.003456828810582281,1618.05,3.2080601615245876,1614.273,5.148889955876043,1608.1305,8.619791470795816,,,1625.3700829415916,1590.8909170584084,34.479165883183214,0.04441742417227504,8.940000000000055,12.480000000000018,38.200000000000045,70.08221375576491,9.528374835870181,9.163674195429845,0.36470064044033634,100.0,97.53246753246735,,,,,-0.8888888888888888,,,-0.6666666666666666,,38.0,1621.5466666666664,-25.0,,,,,,,,,-23.0,,-14492.5,-1,,-6.849999999999909,-5.619999999999891,,,1,,22.3,,,,13.0,4.5,,,,0.0035677627592347605,-710.5,,,-0.7487299083547896,0.34146341463414637,,,,,1.0,,1.0,,,,-0.20227272727276036,-0.6,,1.0,,-3.5043726353656615,-0.7195692057592185,,,,,,,,0,0,,0,0,-13.833333333333334,,0,,,,,,,,,-15.0,,,0,False,,,,False,,0,,,0.04211827688669111,,0,,,,,,,,,False,,,,0,,0.6028628147529015
2025-07-23,1618.51,1622.96,1623.9,1611.05,-0.28,-0.0027849146349728793,-0.002788799724506535,0.0035614133912259737,-0.0007046476126480219,0.0006119024484689175,0.0020176020905557576,3.7171957479674716e-05,1618.922,2.36465007981308,1615.625,4.110942714261725,1609.617,7.611673237448379,,,1624.8403464748967,1594.3936535251032,30.446692949793487,0.046283190648872256,4.3599999999999,13.519999999999982,29.730000000000018,62.95025728987984,9.247414776734104,9.180422311690696,0.06699246504340728,74.94456762749451,89.18065674163218,,,,,-0.5555555555555556,,,-0.3333333333333333,,47.0,1617.82,-20.0,,,,,,,,,-4.0,,-17500.0,-1,,-3.560000000000173,-0.10999999999989996,,,1,,21.9,,,,35.0,13.5,,,,-0.0027849146349728793,-87.5,,,-0.3577608735342892,0.5,,,,,1.0,,1.0,,,,-0.12176470588236256,-0.4,,1.0,,0.6531688768135724,-0.588569625483057,,,,,,,,0,0,,0,0,-5.666666666666667,,0,,,,,,,,,-9.0,,,0,False,,,,False,,0,,,0.03705672245535748,,0,,,,,,,,,False,,,,0,,-0.34627655435374666
2025-07-24,1613.81,1612.4,1619.42,1607.31,-0.29,-0.00290390544389596,-0.0029081299576840733,-0.002788799724506535,0.0035614133912259737,-0.0007046476126480219,0.0006119024484689175,0.0020176020905557576,1618.202,3.302297684940204,1615.7820000000002,3.9956665415237604,1610.343,7.2591380523558895,,,1624.8612761047118,1595.8247238952883,29.036552209423462,0.0430289315398866,-3.6000000000001364,1.5699999999999363,14.519999999999982,53.10800310800314,8.546976955168702,9.053733240386299,-0.5067562852175964,48.891352549888886,74.61197339246114,,,,,-0.2222222222222222,,,-0.3333333333333333,,30.0,1613.5133333333333,-4.0,,,,,,,,,-12.0,,-12.0,-1,,6.169999999999845,3.4500000000000455,,,1,,24.3,,,,23.0,36.0,,,,-0.00290390544389596,-19.0,,,-0.1596956580715414,0.696969696969697,,,,,1.0,,1.0,,,,-0.11124999999998408,-1.0,,1.0,,0.10294178794181688,-0.5344057836082794,,,,,,,,0,0,,0,0,-3.0,,0,,,,,,,,,-3.0,,,0,False,,,,False,,0,,,936974.302558341,,0,,,,,,,,,False,,,,0,,0.11642308645032118
2025-07-25,1622.91,1612.4,1622.91,1611.5,0.56,0.005638829849858418,0.005622991162036361,-0.0029081299576840733,-0.002788799724506535,0.0035614133912259737,-0.0007046476126480219,0.0006119024484689175,1619.104,3.9267900376719953,1616.809,4.397942574526074,1611.761,6.764858033287142,,,1625.2907160665743,1598.2312839334256,27.059432133148675,0.04474437263540855,4.509999999999991,10.269999999999982,28.360000000000127,64.51841359773368,8.626725363285004,8.96833166496604,-0.34160630168103623,99.33481152993409,74.39024390243917,,,,,-0.5555555555555556,,,-1.0,,21.0,1619.1066666666666,-35.0,,,,,,,,,-29.0,,-2394.0,-1,,0.9900000000000091,0.11999999999989086,,,1,,23.9,,,,6.0,2.0,,,,0.005638829849858418,-450.0,,,-1.911729437391159,0.15,,,,,1.0,,1.0,,,,-2.852500000000134,-1.0,,1.0,,-6.730158730158793,-0.9680365740161917,,,,,,,,0,0,,0,0,-2.0,,0,,,,,,,,,-5.0,,,0,False,,,,False,,0,,,0.00011241376031652934,,0,,,,,,,,,False,,,,0,,0.921041100692307
